,01H,01V,weight,drysp
0,208.8654266986018,244.43460951864196,1,0
